{"cameraMode":{"drawMode":-1,"name":"Shaded","section":"Shading Mode"},"sceneLighting":false,"audioPlay":false,"sceneViewState":{"showFog":true,"showMaterialUpdate":false,"showSkybox":false,"showFlares":true,"showImageEffects":true,"showParticleSystems":true},"in2DMode":false,"pivot":{"x":0.9297099709510803,"y":3.2285683155059816,"z":-8.30776596069336},"rotation":{"x":0.13107571005821229,"y":0.6434082984924316,"z":-0.11309679597616196,"w":0.7456913590431213},"size":0.9816400408744812,"orthographic":false}