{"cameraMode":{"drawMode":2,"name":"Shaded Wireframe","section":"Shading Mode"},"sceneLighting":true,"audioPlay":false,"sceneViewState":{"showFog":true,"showMaterialUpdate":false,"showSkybox":true,"showFlares":true,"showImageEffects":true,"showParticleSystems":true},"in2DMode":false,"pivot":{"x":-7.9815263748168949,"y":19.197513580322267,"z":-1.9099156856536866},"rotation":{"x":-0.06630741059780121,"y":-0.9170475006103516,"z":0.35582685470581057,"w":-0.16777336597442628},"size":8.163198471069336,"orthographic":false}