{"cameraMode":{"drawMode":0,"name":"Shaded","section":"Shading Mode"},"sceneLighting":true,"audioPlay":false,"sceneViewState":{"showFog":true,"showMaterialUpdate":false,"showSkybox":true,"showFlares":true,"showImageEffects":true,"showParticleSystems":true},"in2DMode":false,"pivot":{"x":-0.5621902942657471,"y":-12.925237655639649,"z":-2.4697933197021486},"rotation":{"x":0.5697174072265625,"y":0.14477506279945374,"z":-0.10278856754302979,"w":0.8024320006370544},"size":19.285037994384767,"orthographic":false}