{"cameraMode":{"drawMode":0,"name":"Shaded","section":"Shading Mode"},"sceneLighting":true,"audioPlay":false,"sceneViewState":{"showFog":true,"showMaterialUpdate":false,"showSkybox":true,"showFlares":true,"showImageEffects":true,"showParticleSystems":true},"in2DMode":false,"pivot":{"x":-2.116476058959961,"y":1.4611625671386719,"z":-6.674339294433594},"rotation":{"x":0.3244912326335907,"y":0.5417467355728149,"z":-0.2382408082485199,"w":0.7378750443458557},"size":21.56417465209961,"orthographic":false}