{"cameraMode":{"drawMode":0,"name":"Shaded","section":"Shading Mode"},"sceneLighting":true,"audioPlay":false,"sceneViewState":{"showFog":true,"showMaterialUpdate":false,"showSkybox":true,"showFlares":true,"showImageEffects":true,"showParticleSystems":true},"in2DMode":false,"pivot":{"x":0.02098974958062172,"y":3.887465238571167,"z":6.426208019256592},"rotation":{"x":-0.21169359982013703,"y":-0.5584806799888611,"z":0.1500760018825531,"w":-0.7879221439361572},"size":33.19639205932617,"orthographic":false}